Email,First_name,Last_name,Course_id,Grades,Marks
sofia.patel@sjsu.edu,Sofia,Patel,BUS210,C,59
andrea.kennedy@sjsu.edu,Andrea,Kennedy,MATH201,B,77
carmen.singh@sjsu.edu,Carmen,Singh,CS350,C,55
jake.bryant@sjsu.edu,Jake,Bryant,BUS320,A,89
tiffany.richardson@sjsu.edu,Tiffany,Richardson,BUS210,A,94
jamie.pierce@sjsu.edu,Jamie,Pierce,CS350,A,91
aiden.spencer@sjsu.edu,Aiden,Spencer,MATH250,A,87
charlotte.turner@sjsu.edu,Charlotte,Turner,BUS320,B,71
dillon.mcdonald@sjsu.edu,Dillon,McDonald,CS201,B,75
kaitlyn.boyd@sjsu.edu,Kaitlyn,Boyd,CS201,B,80
miranda.ahmed@sjsu.edu,Miranda,Ahmed,MATH101,B,78
erica.gardner@sjsu.edu,Erica,Gardner,ENG210,C,55
cynthia.walsh@sjsu.edu,Cynthia,Walsh,BUS101,C,62
rosa.kennedy@sjsu.edu,Rosa,Kennedy,MATH310,D,45
jordan.reed@sjsu.edu,Jordan,Reed,CS450,B,75
molly.ortiz@sjsu.edu,Molly,Ortiz,BUS320,C,66
julian.james@sjsu.edu,Julian,James,CS480,C,67
crystal.morgan@sjsu.edu,Crystal,Morgan,BUS401,C,65
dominic.sanders@sjsu.edu,Dominic,Sanders,CS350,C,68
crystal.collins@sjsu.edu,Crystal,Collins,MATH310,C,59
sarah.perez@sjsu.edu,Sarah,Perez,PSY101,C,61
juliana.graham@sjsu.edu,Juliana,Graham,MATH250,C,60
chanel.cooper@sjsu.edu,Chanel,Cooper,BUS210,A,100
claire.gomez@sjsu.edu,Claire,Gomez,SCI205,D,48
charles.barnes@sjsu.edu,Charles,Barnes,BUS401,B,82
chad.baker@sjsu.edu,Chad,Baker,CS201,B,77
abby.gordon@sjsu.edu,Abby,Gordon,BUS401,C,68
sean.aguilar@sjsu.edu,Sean,Aguilar,BUS320,C,57
jennifer.pierce@sjsu.edu,Jennifer,Pierce,SCI101,C,66
catherine.owens@sjsu.edu,Catherine,Owens,BUS320,A,93
chelsea.davis@sjsu.edu,Chelsea,Davis,ENG101,C,65
christopher.perry@sjsu.edu,Christopher,Perry,ENG210,B,81
eric.jones@sjsu.edu,Eric,Jones,BUS401,B,81
ian.zimmerman@sjsu.edu,Ian,Zimmerman,ENG101,C,68
evelyn.scott@sjsu.edu,Evelyn,Scott,CS201,D,52
isaiah.wilson@sjsu.edu,Isaiah,Wilson,CS480,A,89
elizabeth.grant@sjsu.edu,Elizabeth,Grant,BUS101,B,80
jennifer.maxwell@sjsu.edu,Jennifer,Maxwell,CS350,D,52
andre.edwards@sjsu.edu,Andre,Edwards,CS101,B,83
hayley.evans@sjsu.edu,Hayley,Evans,CS301,B,71
fatima.pierce@sjsu.edu,Fatima,Pierce,CS410,D,54
nicole.walsh@sjsu.edu,Nicole,Walsh,PSY101,B,83
kate.lewis@sjsu.edu,Kate,Lewis,BUS320,C,57
carlos.thomas@sjsu.edu,Carlos,Thomas,MATH250,C,64
steven.mcdonald@sjsu.edu,Steven,McDonald,BUS210,C,62
miles.bryant@sjsu.edu,Miles,Bryant,BUS210,A,98
mike.taylor@sjsu.edu,Mike,Taylor,MATH201,C,69
jeff.richardson@sjsu.edu,Jeff,Richardson,BUS210,D,53
kevin.martinez@sjsu.edu,Kevin,Martinez,CS480,A,89
fernando.cox@sjsu.edu,Fernando,Cox,MATH101,D,46
aiden.martin@sjsu.edu,Aiden,Martin,CS450,C,66
arjun.ryan@sjsu.edu,Arjun,Ryan,BUS101,C,67
leslie.adams@sjsu.edu,Leslie,Adams,CS301,C,64
jasmine.stephens@sjsu.edu,Jasmine,Stephens,SCI205,C,57
jack.sutton@sjsu.edu,Jack,Sutton,CS101,C,62
dean.stewart@sjsu.edu,Dean,Stewart,MATH310,C,69
andrea.walsh@sjsu.edu,Andrea,Walsh,CS201,C,67
megan.moore@sjsu.edu,Megan,Moore,MATH310,D,52
katherine.peterson@sjsu.edu,Katherine,Peterson,MATH101,B,79
monica.green@sjsu.edu,Monica,Green,CS101,C,60
molly.mendoza@sjsu.edu,Molly,Mendoza,ENG210,A,98
ali.warren@sjsu.edu,Ali,Warren,ENG210,B,84
ayasha.nguyen@sjsu.edu,Ayasha,Nguyen,CS301,B,70
michael.hill@sjsu.edu,Michael,Hill,MATH310,C,59
holly.lewis@sjsu.edu,Holly,Lewis,CS350,C,62
cynthia.little@sjsu.edu,Cynthia,Little,MATH250,B,83
daniela.thompson@sjsu.edu,Daniela,Thompson,MATH310,C,66
claudia.porter@sjsu.edu,Claudia,Porter,CS450,D,51
hunter.taylor@sjsu.edu,Hunter,Taylor,CS101,D,48
daisy.edwards@sjsu.edu,Daisy,Edwards,CS101,A,91
thomas.nelson@sjsu.edu,Thomas,Nelson,CS201,C,64
zachary.nguyen@sjsu.edu,Zachary,Nguyen,BUS101,C,57
chanel.dixon@sjsu.edu,Chanel,Dixon,ENG101,B,78
timothy.bailey@sjsu.edu,Timothy,Bailey,CS480,B,82
karen.nichols@sjsu.edu,Karen,Nichols,SCI101,B,75
kaitlyn.thomas@sjsu.edu,Kaitlyn,Thomas,PSY101,C,69
ali.fisher@sjsu.edu,Ali,Fisher,CS350,C,58
caroline.gomez@sjsu.edu,Caroline,Gomez,CS450,C,60
reina.burns@sjsu.edu,Reina,Burns,CS480,A,100
shelby.cook@sjsu.edu,Shelby,Cook,MATH101,B,70
sharon.lewis@sjsu.edu,Sharon,Lewis,MATH310,B,84
miles.mccarthy@sjsu.edu,Miles,McCarthy,ENG210,A,87
omar.cruz@sjsu.edu,Omar,Cruz,CS410,A,98
jacob.murphy@sjsu.edu,Jacob,Murphy,SCI205,A,97
charlotte.arnold@sjsu.edu,Charlotte,Arnold,CS201,C,60
hailey.spencer@sjsu.edu,Hailey,Spencer,CS301,C,60
yasmine.wells@sjsu.edu,Yasmine,Wells,MATH101,B,75
lauren.williams@sjsu.edu,Lauren,Williams,CS450,A,100
vanessa.ferguson@sjsu.edu,Vanessa,Ferguson,MATH101,C,56
zoe.campbell@sjsu.edu,Zoe,Campbell,MATH310,C,61
sydney.boyd@sjsu.edu,Sydney,Boyd,BUS320,A,90
gary.alvarez@sjsu.edu,Gary,Alvarez,CS480,B,78
angel.jackson@sjsu.edu,Angel,Jackson,BUS210,B,83
leon.hamilton@sjsu.edu,Leon,Hamilton,MATH250,A,100
philip.crawford@sjsu.edu,Philip,Crawford,ENG101,A,94
heather.fox@sjsu.edu,Heather,Fox,BUS101,A,96
brandon.sutton@sjsu.edu,Brandon,Sutton,MATH101,A,86
diana.cooper@sjsu.edu,Diana,Cooper,MATH101,B,83
paula.kaur@sjsu.edu,Paula,Kaur,MATH250,D,45
hassan.baker@sjsu.edu,Hassan,Baker,CS480,C,61
victor.snyder@sjsu.edu,Victor,Snyder,CS301,D,53
spencer.carter@sjsu.edu,Spencer,Carter,SCI205,B,76
claire.harris@sjsu.edu,Claire,Harris,SCI205,B,82
harley.hall@sjsu.edu,Harley,Hall,PSY101,B,72
leah.singh@sjsu.edu,Leah,Singh,BUS210,A,95
christine.stone@sjsu.edu,Christine,Stone,MATH250,C,68
brooke.jones@sjsu.edu,Brooke,Jones,MATH201,B,79
sandra.mills@sjsu.edu,Sandra,Mills,BUS101,A,90
daisy.collins@sjsu.edu,Daisy,Collins,CS480,A,91
wesley.lee@sjsu.edu,Wesley,Lee,MATH201,C,62
daniel.mendoza@sjsu.edu,Daniel,Mendoza,PSY101,B,83
violet.ahmed@sjsu.edu,Violet,Ahmed,CS101,C,57
peter.west@sjsu.edu,Peter,West,ENG210,D,45
robin.morgan@sjsu.edu,Robin,Morgan,PSY101,A,94
elena.williams@sjsu.edu,Elena,Williams,BUS401,C,63
jonathan.kim@sjsu.edu,Jonathan,Kim,PSY101,B,74
peter.howard@sjsu.edu,Peter,Howard,MATH201,B,84
alexis.freeman@sjsu.edu,Alexis,Freeman,BUS210,B,80
rosa.mason@sjsu.edu,Rosa,Mason,BUS210,B,79
rosa.maxwell@sjsu.edu,Rosa,Maxwell,ENG210,C,57
marcus.bell@sjsu.edu,Marcus,Bell,SCI101,B,72
richard.ortega@sjsu.edu,Richard,Ortega,MATH310,C,64
brooke.webb@sjsu.edu,Brooke,Webb,CS480,B,83
grant.ward@sjsu.edu,Grant,Ward,MATH310,B,79
james.brooks@sjsu.edu,James,Brooks,CS450,C,55
isabel.vasquez@sjsu.edu,Isabel,Vasquez,CS301,C,61
vanessa.henderson@sjsu.edu,Vanessa,Henderson,SCI101,C,60
tina.stone@sjsu.edu,Tina,Stone,MATH101,B,75
scott.reynolds@sjsu.edu,Scott,Reynolds,CS301,A,94
greg.medina@sjsu.edu,Greg,Medina,CS410,C,69
henry.cooper@sjsu.edu,Henry,Cooper,MATH101,B,72
kayla.reed@sjsu.edu,Kayla,Reed,CS201,C,65
jayden.rodriguez@sjsu.edu,Jayden,Rodriguez,CS350,B,76
victor.hayes@sjsu.edu,Victor,Hayes,BUS320,B,80
leon.lane@sjsu.edu,Leon,Lane,ENG210,B,71
andrea.murphy@sjsu.edu,Andrea,Murphy,ENG210,A,96
serena.hawkins@sjsu.edu,Serena,Hawkins,ENG101,C,55
christopher.kennedy@sjsu.edu,Christopher,Kennedy,ENG210,D,46
yasmine.nguyen@sjsu.edu,Yasmine,Nguyen,CS350,A,86
rebecca.little@sjsu.edu,Rebecca,Little,CS101,A,90
jade.harrison@sjsu.edu,Jade,Harrison,MATH310,C,61
leah.gardner@sjsu.edu,Leah,Gardner,CS350,C,66
reina.clark@sjsu.edu,Reina,Clark,BUS401,C,61
todd.cook@sjsu.edu,Todd,Cook,BUS401,D,49
mike.parker@sjsu.edu,Mike,Parker,ENG210,B,81
leon.ellis@sjsu.edu,Leon,Ellis,CS410,A,86
gregory.bell@sjsu.edu,Gregory,Bell,ENG101,C,60
jessica.snyder@sjsu.edu,Jessica,Snyder,MATH101,D,52
gabriel.little@sjsu.edu,Gabriel,Little,ENG101,B,70
justin.campbell@sjsu.edu,Justin,Campbell,PSY101,A,94
nora.medina@sjsu.edu,Nora,Medina,BUS401,C,67
elena.lopez@sjsu.edu,Elena,Lopez,CS101,C,68
fernando.reyes@sjsu.edu,Fernando,Reyes,BUS320,C,64
sierra.wilson@sjsu.edu,Sierra,Wilson,MATH310,C,61
sean.alvarez@sjsu.edu,Sean,Alvarez,CS101,B,70
peter.ortega@sjsu.edu,Peter,Ortega,CS450,B,72
gavin.brown@sjsu.edu,Gavin,Brown,PSY101,A,92
david.black@sjsu.edu,David,Black,BUS320,B,84
jasmine.holmes@sjsu.edu,Jasmine,Holmes,CS480,B,74
gabriela.palmer@sjsu.edu,Gabriela,Palmer,BUS101,B,79
hailey.martin@sjsu.edu,Hailey,Martin,CS350,D,47
karen.owens@sjsu.edu,Karen,Owens,CS410,A,94
mary.young@sjsu.edu,Mary,Young,BUS210,C,67
trevor.stevens@sjsu.edu,Trevor,Stevens,CS201,D,49
leah.jimenez@sjsu.edu,Leah,Jimenez,MATH250,B,80
sophia.carter@sjsu.edu,Sophia,Carter,BUS320,C,59
kelly.roberts@sjsu.edu,Kelly,Roberts,CS410,D,50
crystal.kelly@sjsu.edu,Crystal,Kelly,MATH310,B,72
colin.reynolds@sjsu.edu,Colin,Reynolds,BUS101,C,58
jack.ferguson@sjsu.edu,Jack,Ferguson,CS101,C,60
chad.murray@sjsu.edu,Chad,Murray,BUS210,A,88
alexis.hawkins@sjsu.edu,Alexis,Hawkins,ENG210,B,70
emma.price@sjsu.edu,Emma,Price,SCI101,B,80
kevin.stewart@sjsu.edu,Kevin,Stewart,BUS320,B,71
ivan.ferguson@sjsu.edu,Ivan,Ferguson,CS201,C,59
luna.rogers@sjsu.edu,Luna,Rogers,BUS401,B,76
nicholas.richardson@sjsu.edu,Nicholas,Richardson,CS301,B,79
ricardo.andrews@sjsu.edu,Ricardo,Andrews,PSY101,D,52
derek.cunningham@sjsu.edu,Derek,Cunningham,BUS210,B,83
melissa.cook@sjsu.edu,Melissa,Cook,SCI101,C,55
leah.robinson@sjsu.edu,Leah,Robinson,BUS101,C,69
zoe.thompson@sjsu.edu,Zoe,Thompson,CS350,C,67
cynthia.wells@sjsu.edu,Cynthia,Wells,CS301,C,58
jordan.hayes@sjsu.edu,Jordan,Hayes,MATH250,B,84
ricardo.gardner@sjsu.edu,Ricardo,Gardner,CS410,B,75
jeff.coleman@sjsu.edu,Jeff,Coleman,BUS320,C,60
shannon.garcia@sjsu.edu,Shannon,Garcia,ENG101,B,72
aaron.parker@sjsu.edu,Aaron,Parker,CS301,B,84
karen.scott@sjsu.edu,Karen,Scott,SCI101,C,69
madison.garcia@sjsu.edu,Madison,Garcia,MATH250,C,63
laura.stevens@sjsu.edu,Laura,Stevens,PSY101,B,82
madison.hamilton@sjsu.edu,Madison,Hamilton,BUS101,D,52
isabel.bennett@sjsu.edu,Isabel,Bennett,ENG210,A,96
austin.harrison@sjsu.edu,Austin,Harrison,ENG210,B,74
leslie.berg@sjsu.edu,Leslie,Berg,MATH201,C,69
sophia.jenkins@sjsu.edu,Sophia,Jenkins,CS101,B,72
nathaniel.gonzalez@sjsu.edu,Nathaniel,Gonzalez,CS410,C,60
maya.ellis@sjsu.edu,Maya,Ellis,ENG101,B,79
robin.torres@sjsu.edu,Robin,Torres,SCI205,C,65
blake.sutton@sjsu.edu,Blake,Sutton,CS450,B,76
fernando.brown@sjsu.edu,Fernando,Brown,ENG101,A,90
lily.black@sjsu.edu,Lily,Black,ENG210,C,66
dillon.hughes@sjsu.edu,Dillon,Hughes,BUS210,C,55
kristen.jordan@sjsu.edu,Kristen,Jordan,PSY101,B,84
isaiah.gray@sjsu.edu,Isaiah,Gray,ENG210,B,83
justin.nelson@sjsu.edu,Justin,Nelson,SCI205,D,47
nadia.henderson@sjsu.edu,Nadia,Henderson,CS480,D,45
grace.nelson@sjsu.edu,Grace,Nelson,BUS320,C,57
shelby.jimenez@sjsu.edu,Shelby,Jimenez,MATH201,A,97
joel.patel@sjsu.edu,Joel,Patel,SCI101,B,74
aiden.aguilar@sjsu.edu,Aiden,Aguilar,CS450,C,63
paula.bishop@sjsu.edu,Paula,Bishop,CS101,A,89
miranda.bryant@sjsu.edu,Miranda,Bryant,CS301,B,81
sierra.lee@sjsu.edu,Sierra,Lee,ENG101,B,73
dylan.stanley@sjsu.edu,Dylan,Stanley,CS450,B,75
heather.rogers@sjsu.edu,Heather,Rogers,BUS210,B,73
paul.peterson@sjsu.edu,Paul,Peterson,SCI205,C,68
kevin.singh@sjsu.edu,Kevin,Singh,CS101,C,61
brianna.castillo@sjsu.edu,Brianna,Castillo,CS350,A,93
harley.kim@sjsu.edu,Harley,Kim,MATH310,A,99
robert.porter@sjsu.edu,Robert,Porter,MATH101,B,73
ivan.gonzalez@sjsu.edu,Ivan,Gonzalez,MATH101,C,61
dawn.morris@sjsu.edu,Dawn,Morris,CS480,A,93
austin.dixon@sjsu.edu,Austin,Dixon,CS480,C,68
nathaniel.rivera@sjsu.edu,Nathaniel,Rivera,PSY101,D,53
juliana.lane@sjsu.edu,Juliana,Lane,MATH201,B,82
eric.turner@sjsu.edu,Eric,Turner,ENG210,B,77
ana.ellis@sjsu.edu,Ana,Ellis,CS350,B,77
crystal.hill@sjsu.edu,Crystal,Hill,BUS101,B,74
isabella.johnson@sjsu.edu,Isabella,Johnson,CS450,B,73
courtney.murphy@sjsu.edu,Courtney,Murphy,SCI205,C,64
josh.gray@sjsu.edu,Josh,Gray,CS480,C,66
maria.gutierrez@sjsu.edu,Maria,Gutierrez,ENG210,B,75
morgan.matthews@sjsu.edu,Morgan,Matthews,CS350,B,70
erica.garcia@sjsu.edu,Erica,Garcia,BUS101,C,63
ian.wilson@sjsu.edu,Ian,Wilson,CS480,B,80
richard.vargas@sjsu.edu,Richard,Vargas,CS301,C,59
zoe.lawrence@sjsu.edu,Zoe,Lawrence,CS301,C,58
jacob.hill@sjsu.edu,Jacob,Hill,BUS401,B,75
evelyn.foster@sjsu.edu,Evelyn,Foster,MATH101,B,81
stephanie.spencer@sjsu.edu,Stephanie,Spencer,ENG101,B,70
mark.hunter@sjsu.edu,Mark,Hunter,BUS210,C,58
angela.andrews@sjsu.edu,Angela,Andrews,CS201,B,83
cole.stone@sjsu.edu,Cole,Stone,SCI101,C,64
philip.mccarthy@sjsu.edu,Philip,McCarthy,SCI101,C,56
sarah.walsh@sjsu.edu,Sarah,Walsh,CS101,D,47
luis.lee@sjsu.edu,Luis,Lee,MATH250,D,51
mike.perry@sjsu.edu,Mike,Perry,SCI101,B,73
ethan.kaur@sjsu.edu,Ethan,Kaur,MATH101,B,82
brian.graham@sjsu.edu,Brian,Graham,CS301,C,59
alisha.griffin@sjsu.edu,Alisha,Griffin,MATH310,D,45
gary.grant@sjsu.edu,Gary,Grant,BUS401,B,73
joseph.jordan@sjsu.edu,Joseph,Jordan,MATH250,B,77
elizabeth.mckinney@sjsu.edu,Elizabeth,McKinney,MATH201,B,71
brenda.knight@sjsu.edu,Brenda,Knight,CS350,A,92
dylan.diaz@sjsu.edu,Dylan,Diaz,ENG210,B,73
gabriela.russell@sjsu.edu,Gabriela,Russell,ENG210,C,62
karen.jordan@sjsu.edu,Karen,Jordan,BUS320,C,57
sebastian.mccarthy@sjsu.edu,Sebastian,McCarthy,ENG101,B,72
charles.hunter@sjsu.edu,Charles,Hunter,MATH310,A,86
kelly.lane@sjsu.edu,Kelly,Lane,MATH101,C,63
rebecca.flores@sjsu.edu,Rebecca,Flores,MATH201,A,100
alexis.harrison@sjsu.edu,Alexis,Harrison,BUS101,C,62
dawn.rogers@sjsu.edu,Dawn,Rogers,MATH201,B,77
leah.cole@sjsu.edu,Leah,Cole,MATH101,C,56
michael.johnson@sjsu.edu,Michael,Johnson,MATH250,C,65
liam.lee@sjsu.edu,Liam,Lee,CS450,A,91
zachary.bennett@sjsu.edu,Zachary,Bennett,ENG210,B,79
liam.sanders@sjsu.edu,Liam,Sanders,CS480,B,84
sydney.green@sjsu.edu,Sydney,Green,CS201,A,93
ayasha.stewart@sjsu.edu,Ayasha,Stewart,CS350,C,58
grant.berg@sjsu.edu,Grant,Berg,CS450,B,78
cole.gonzalez@sjsu.edu,Cole,Gonzalez,CS450,B,78
gabriel.owens@sjsu.edu,Gabriel,Owens,MATH310,B,75
john.romero@sjsu.edu,John,Romero,SCI101,C,67
spencer.hunt@sjsu.edu,Spencer,Hunt,CS201,A,85
vincent.carter@sjsu.edu,Vincent,Carter,MATH310,D,49
garrett.wright@sjsu.edu,Garrett,Wright,CS410,C,69
courtney.cunningham@sjsu.edu,Courtney,Cunningham,BUS210,B,73
luis.rivera@sjsu.edu,Luis,Rivera,MATH250,D,54
casey.stephens@sjsu.edu,Casey,Stephens,CS350,A,92
javier.pierce@sjsu.edu,Javier,Pierce,SCI101,B,75
tyler.park@sjsu.edu,Tyler,Park,SCI205,B,73
leo.jackson@sjsu.edu,Leo,Jackson,ENG101,B,70
cameron.flores@sjsu.edu,Cameron,Flores,CS410,B,73
alexis.park@sjsu.edu,Alexis,Park,CS301,C,61
jack.grant@sjsu.edu,Jack,Grant,CS480,C,64
kim.adams@sjsu.edu,Kim,Adams,CS410,B,84
jennifer.rodriguez@sjsu.edu,Jennifer,Rodriguez,MATH101,A,89
valeria.cooper@sjsu.edu,Valeria,Cooper,CS101,C,66
casey.hunter@sjsu.edu,Casey,Hunter,ENG101,B,72
wesley.mills@sjsu.edu,Wesley,Mills,CS201,C,67
ricardo.cunningham@sjsu.edu,Ricardo,Cunningham,MATH201,B,84
michelle.hunt@sjsu.edu,Michelle,Hunt,ENG210,A,88
victoria.evans@sjsu.edu,Victoria,Evans,ENG210,A,85
vanessa.gonzalez@sjsu.edu,Vanessa,Gonzalez,CS450,D,50
gavin.romero@sjsu.edu,Gavin,Romero,BUS210,A,85
tina.alvarez@sjsu.edu,Tina,Alvarez,CS301,B,78
sierra.hughes@sjsu.edu,Sierra,Hughes,MATH250,A,95
jordan.smith@sjsu.edu,Jordan,Smith,MATH250,B,84
marcus.romero@sjsu.edu,Marcus,Romero,CS301,B,81
elijah.medina@sjsu.edu,Elijah,Medina,BUS320,C,66
robin.morales@sjsu.edu,Robin,Morales,PSY101,B,79
scott.watson@sjsu.edu,Scott,Watson,CS301,B,77
john.little@sjsu.edu,John,Little,CS410,C,58
catherine.sutton@sjsu.edu,Catherine,Sutton,CS480,D,52
ashley.lee@sjsu.edu,Ashley,Lee,CS201,B,83
shannon.knight@sjsu.edu,Shannon,Knight,CS350,B,83
kim.thompson@sjsu.edu,Kim,Thompson,BUS210,B,80
anna.coleman@sjsu.edu,Anna,Coleman,BUS401,C,59
omar.scott@sjsu.edu,Omar,Scott,ENG210,C,67
connor.anderson@sjsu.edu,Connor,Anderson,CS450,B,84
jonathan.coleman@sjsu.edu,Jonathan,Coleman,CS301,C,62
brandon.hernandez@sjsu.edu,Brandon,Hernandez,SCI101,C,67
taylor.jimenez@sjsu.edu,Taylor,Jimenez,CS201,B,74
ella.ryan@sjsu.edu,Ella,Ryan,PSY101,B,70
christopher.gordon@sjsu.edu,Christopher,Gordon,CS480,B,77
alisha.stanley@sjsu.edu,Alisha,Stanley,SCI101,C,65
kiara.graham@sjsu.edu,Kiara,Graham,CS201,C,55
trevor.aguilar@sjsu.edu,Trevor,Aguilar,CS450,C,59
philip.stephens@sjsu.edu,Philip,Stephens,MATH250,C,69
ian.rodriguez@sjsu.edu,Ian,Rodriguez,CS410,C,68
james.phillips@sjsu.edu,James,Phillips,PSY101,D,54
anthony.james@sjsu.edu,Anthony,James,MATH310,C,64
ali.zimmerman@sjsu.edu,Ali,Zimmerman,ENG101,B,72
christina.jenkins@sjsu.edu,Christina,Jenkins,BUS401,B,71
tina.evans@sjsu.edu,Tina,Evans,CS480,D,48
paul.sanders@sjsu.edu,Paul,Sanders,CS350,B,75
felix.jones@sjsu.edu,Felix,Jones,ENG101,B,80
shannon.gibson@sjsu.edu,Shannon,Gibson,BUS320,A,86
scott.king@sjsu.edu,Scott,King,SCI205,B,82
tina.wright@sjsu.edu,Tina,Wright,SCI101,A,97
wesley.park@sjsu.edu,Wesley,Park,CS301,B,73
gabriel.hall@sjsu.edu,Gabriel,Hall,CS350,C,55
fiona.medina@sjsu.edu,Fiona,Medina,CS410,C,69
chad.hunter@sjsu.edu,Chad,Hunter,CS201,B,81
faith.brooks@sjsu.edu,Faith,Brooks,BUS401,A,88
sharon.nichols@sjsu.edu,Sharon,Nichols,CS480,C,59
riley.foster@sjsu.edu,Riley,Foster,MATH201,C,64
grace.cunningham@sjsu.edu,Grace,Cunningham,CS410,A,94
mario.murray@sjsu.edu,Mario,Murray,BUS401,D,45
oscar.hall@sjsu.edu,Oscar,Hall,BUS210,C,64
dylan.armstrong@sjsu.edu,Dylan,Armstrong,SCI101,D,52
carlos.diaz@sjsu.edu,Carlos,Diaz,BUS401,B,73
maya.allen@sjsu.edu,Maya,Allen,BUS401,B,71
sophia.jimenez@sjsu.edu,Sophia,Jimenez,BUS101,B,72
ryan.hill@sjsu.edu,Ryan,Hill,SCI101,B,79
felix.diaz@sjsu.edu,Felix,Diaz,BUS210,D,48
jordan.diaz@sjsu.edu,Jordan,Diaz,CS301,B,81
william.perez@sjsu.edu,William,Perez,SCI101,D,52
mario.lewis@sjsu.edu,Mario,Lewis,BUS210,C,65
lisa.freeman@sjsu.edu,Lisa,Freeman,CS410,B,74
spencer.king@sjsu.edu,Spencer,King,MATH250,A,98
leo.gordon@sjsu.edu,Leo,Gordon,MATH250,D,53
brianna.ellis@sjsu.edu,Brianna,Ellis,MATH101,B,79
dean.warren@sjsu.edu,Dean,Warren,CS480,B,77
brooke.robinson@sjsu.edu,Brooke,Robinson,MATH250,A,89
crystal.nichols@sjsu.edu,Crystal,Nichols,CS410,D,51
layla.kim@sjsu.edu,Layla,Kim,BUS401,C,58
charles.matthews@sjsu.edu,Charles,Matthews,ENG210,C,69
maya.kim@sjsu.edu,Maya,Kim,CS350,B,81
garrett.boyd@sjsu.edu,Garrett,Boyd,PSY101,D,52
derek.turner@sjsu.edu,Derek,Turner,BUS401,B,77
yasmine.morales@sjsu.edu,Yasmine,Morales,CS201,B,79
sofia.howard@sjsu.edu,Sofia,Howard,CS201,B,74
jeff.perez@sjsu.edu,Jeff,Perez,CS301,A,93
reina.matthews@sjsu.edu,Reina,Matthews,CS350,B,84
isabel.coleman@sjsu.edu,Isabel,Coleman,ENG101,C,63
zoe.ramirez@sjsu.edu,Zoe,Ramirez,BUS320,B,73
caroline.matthews@sjsu.edu,Caroline,Matthews,CS350,D,52
natalie.ryan@sjsu.edu,Natalie,Ryan,BUS210,B,72
joseph.vargas@sjsu.edu,Joseph,Vargas,ENG210,B,70
josh.morales@sjsu.edu,Josh,Morales,MATH201,A,93
valeria.warren@sjsu.edu,Valeria,Warren,MATH310,B,72
javier.black@sjsu.edu,Javier,Black,ENG210,C,62
todd.harris@sjsu.edu,Todd,Harris,PSY101,D,54
rosa.fisher@sjsu.edu,Rosa,Fisher,SCI205,A,90
zachary.brown@sjsu.edu,Zachary,Brown,MATH201,B,81
sara.baker@sjsu.edu,Sara,Baker,BUS210,C,55
matt.ahmed@sjsu.edu,Matt,Ahmed,PSY101,C,65
aaron.kaur@sjsu.edu,Aaron,Kaur,CS350,A,93
megan.king@sjsu.edu,Megan,King,CS101,A,89
chris.sanchez@sjsu.edu,Chris,Sanchez,SCI205,D,52
jake.brown@sjsu.edu,Jake,Brown,BUS210,A,100
jeremy.mckinney@sjsu.edu,Jeremy,McKinney,BUS101,B,75
cole.peterson@sjsu.edu,Cole,Peterson,CS480,C,61
daniela.cooper@sjsu.edu,Daniela,Cooper,CS201,C,66
olivia.kumar@sjsu.edu,Olivia,Kumar,SCI101,A,99
ayasha.murray@sjsu.edu,Ayasha,Murray,CS350,C,65
derek.parker@sjsu.edu,Derek,Parker,CS201,B,77
hayley.green@sjsu.edu,Hayley,Green,CS450,B,84
austin.wells@sjsu.edu,Austin,Wells,CS350,B,82
kate.lawrence@sjsu.edu,Kate,Lawrence,MATH310,C,65
susan.stevens@sjsu.edu,Susan,Stevens,CS301,C,57
wesley.butler@sjsu.edu,Wesley,Butler,SCI205,D,46
emily.andrews@sjsu.edu,Emily,Andrews,CS101,C,56
matt.bailey@sjsu.edu,Matt,Bailey,MATH201,B,76
samantha.roberts@sjsu.edu,Samantha,Roberts,PSY101,A,94
kevin.gomez@sjsu.edu,Kevin,Gomez,ENG210,A,96
valeria.ortega@sjsu.edu,Valeria,Ortega,CS350,B,80
casey.owens@sjsu.edu,Casey,Owens,MATH250,C,59
olivia.collins@sjsu.edu,Olivia,Collins,CS101,B,71
sandra.stewart@sjsu.edu,Sandra,Stewart,CS480,B,84
carmen.ferguson@sjsu.edu,Carmen,Ferguson,BUS320,A,97
michael.gibson@sjsu.edu,Michael,Gibson,CS410,C,64
christina.johnson@sjsu.edu,Christina,Johnson,BUS101,A,91
susan.robinson@sjsu.edu,Susan,Robinson,CS350,A,99
dillon.miller@sjsu.edu,Dillon,Miller,CS450,B,78
victor.morris@sjsu.edu,Victor,Morris,ENG101,A,93
chanel.young@sjsu.edu,Chanel,Young,MATH101,A,89
luke.mendoza@sjsu.edu,Luke,Mendoza,CS201,B,76
jonathan.chavez@sjsu.edu,Jonathan,Chavez,CS101,B,76
melissa.campbell@sjsu.edu,Melissa,Campbell,ENG101,B,72
christine.ortiz@sjsu.edu,Christine,Ortiz,BUS101,B,81
evelyn.mitchell@sjsu.edu,Evelyn,Mitchell,BUS320,B,81
samantha.hawkins@sjsu.edu,Samantha,Hawkins,BUS101,A,88
samantha.kumar@sjsu.edu,Samantha,Kumar,CS450,B,81
samuel.henderson@sjsu.edu,Samuel,Henderson,SCI205,A,91
tiffany.alvarez@sjsu.edu,Tiffany,Alvarez,CS201,D,50
john.gray@sjsu.edu,John,Gray,SCI101,A,99
john.nguyen@sjsu.edu,John,Nguyen,BUS210,A,94
amy.hunt@sjsu.edu,Amy,Hunt,CS410,A,85
abby.grant@sjsu.edu,Abby,Grant,BUS401,B,70
teresa.spencer@sjsu.edu,Teresa,Spencer,SCI205,C,65
michelle.fisher@sjsu.edu,Michelle,Fisher,MATH250,B,84
luna.mendoza@sjsu.edu,Luna,Mendoza,CS201,C,59
carlos.kelly@sjsu.edu,Carlos,Kelly,CS450,A,89
brianna.lane@sjsu.edu,Brianna,Lane,MATH201,C,58
spencer.ahmed@sjsu.edu,Spencer,Ahmed,SCI101,A,94
anna.shaw@sjsu.edu,Anna,Shaw,CS410,D,53
jromero@sjsu.edu,John,Romero,BUS401,C,56
hannah.ortega@sjsu.edu,Hannah,Ortega,BUS210,B,73
joel.price@sjsu.edu,Joel,Price,ENG210,C,69
peter.jones@sjsu.edu,Peter,Jones,ENG210,C,62
rachel.johnson@sjsu.edu,Rachel,Johnson,BUS210,C,59
anna.boyd@sjsu.edu,Anna,Boyd,BUS401,B,76
julia.reyes@sjsu.edu,Julia,Reyes,PSY101,D,48
daniel.chen@sjsu.edu,Daniel,Chen,CS101,B,84
charlotte.meyer@sjsu.edu,Charlotte,Meyer,CS450,A,94
trevor.spencer@sjsu.edu,Trevor,Spencer,SCI101,B,73
ivan.holmes@sjsu.edu,Ivan,Holmes,MATH250,B,77
amir.jenkins@sjsu.edu,Amir,Jenkins,BUS101,B,79
jack.allen@sjsu.edu,Jack,Allen,CS450,B,72
megan.wilson@sjsu.edu,Megan,Wilson,BUS101,B,84
jasmine.nelson@sjsu.edu,Jasmine,Nelson,CS480,B,72
ana.hayes@sjsu.edu,Ana,Hayes,BUS101,D,54
dean.sanchez@sjsu.edu,Dean,Sanchez,ENG101,B,84
morgan.wood@sjsu.edu,Morgan,Wood,SCI101,B,83
emma.lee@sjsu.edu,Emma,Lee,CS101,B,74
hailey.kennedy@sjsu.edu,Hailey,Kennedy,MATH250,D,46
fiona.crawford@sjsu.edu,Fiona,Crawford,CS410,A,98
dominic.edwards@sjsu.edu,Dominic,Edwards,CS350,D,53
chad.miller@sjsu.edu,Chad,Miller,MATH250,B,82
adam.gomez@sjsu.edu,Adam,Gomez,BUS101,D,47
cameron.torres@sjsu.edu,Cameron,Torres,SCI205,D,54
sara.palmer@sjsu.edu,Sara,Palmer,CS480,A,100
isabella.james@sjsu.edu,Isabella,James,BUS320,C,58
kate.gutierrez@sjsu.edu,Kate,Gutierrez,CS410,B,75
brandon.baker@sjsu.edu,Brandon,Baker,MATH250,B,81
miguel.mcdonald@sjsu.edu,Miguel,McDonald,CS480,A,100
hassan.arnold@sjsu.edu,Hassan,Arnold,ENG210,B,71
stephanie.nichols@sjsu.edu,Stephanie,Nichols,CS301,C,58
tyler.bradley@sjsu.edu,Tyler,Bradley,ENG101,C,66
casey.butler@sjsu.edu,Casey,Butler,ENG210,C,67
zachary.bailey@sjsu.edu,Zachary,Bailey,CS410,D,45
linda.castro@sjsu.edu,Linda,Castro,MATH250,B,71
isabella.kelly@sjsu.edu,Isabella,Kelly,ENG210,C,60
derek.castillo@sjsu.edu,Derek,Castillo,MATH310,A,99
justin.jones@sjsu.edu,Justin,Jones,ENG101,B,74
anthony.ross@sjsu.edu,Anthony,Ross,SCI101,A,86
elijah.torres@sjsu.edu,Elijah,Torres,MATH310,D,54
claudia.vasquez@sjsu.edu,Claudia,Vasquez,BUS210,D,50
nora.cole@sjsu.edu,Nora,Cole,MATH250,B,84
peter.bradley@sjsu.edu,Peter,Bradley,MATH310,D,51
janet.ellis@sjsu.edu,Janet,Ellis,BUS210,B,75
matt.sanchez@sjsu.edu,Matt,Sanchez,ENG210,A,95
claire.wright@sjsu.edu,Claire,Wright,SCI101,C,59
nicholas.chavez@sjsu.edu,Nicholas,Chavez,CS350,B,74
liam.long@sjsu.edu,Liam,Long,ENG210,A,98
shelby.murphy@sjsu.edu,Shelby,Murphy,ENG210,B,82
grace.kelly@sjsu.edu,Grace,Kelly,BUS401,C,65
jamie.wood@sjsu.edu,Jamie,Wood,BUS401,C,57
gary.bishop@sjsu.edu,Gary,Bishop,MATH201,A,90
mary.edwards@sjsu.edu,Mary,Edwards,CS101,C,68
aria.henderson@sjsu.edu,Aria,Henderson,CS480,C,57
jade.cruz@sjsu.edu,Jade,Cruz,CS101,D,46
alicia.bishop@sjsu.edu,Alicia,Bishop,CS410,C,64
taylor.gibson@sjsu.edu,Taylor,Gibson,CS301,C,56
mike.lawrence@sjsu.edu,Mike,Lawrence,CS410,C,58
claire.lopez@sjsu.edu,Claire,Lopez,SCI101,C,56
bianca.vargas@sjsu.edu,Bianca,Vargas,ENG101,B,83
logan.mason@sjsu.edu,Logan,Mason,SCI101,C,65
nathan.stewart@sjsu.edu,Nathan,Stewart,BUS210,A,93
lauren.crawford@sjsu.edu,Lauren,Crawford,MATH310,A,98
mario.mills@sjsu.edu,Mario,Mills,BUS320,A,88
samantha.vasquez@sjsu.edu,Samantha,Vasquez,SCI101,B,77
janet.powell@sjsu.edu,Janet,Powell,CS480,B,75
ana.porter@sjsu.edu,Ana,Porter,BUS320,B,75
fatima.castillo@sjsu.edu,Fatima,Castillo,CS480,D,50
chanel.reed@sjsu.edu,Chanel,Reed,SCI101,B,80
richard.white@sjsu.edu,Richard,White,BUS210,B,79
colin.reed@sjsu.edu,Colin,Reed,ENG210,B,84
layla.white@sjsu.edu,Layla,White,MATH250,B,76
jonathan.maxwell@sjsu.edu,Jonathan,Maxwell,BUS320,C,67
matthew.kaur@sjsu.edu,Matthew,Kaur,BUS101,B,80
carlos.scott@sjsu.edu,Carlos,Scott,CS480,B,81
joseph.webb@sjsu.edu,Joseph,Webb,MATH310,A,100
cameron.king@sjsu.edu,Cameron,King,BUS210,B,72
elijah.holmes@sjsu.edu,Elijah,Holmes,ENG101,A,99
yasmine.cruz@sjsu.edu,Yasmine,Cruz,CS350,C,57
ethan.cruz@sjsu.edu,Ethan,Cruz,MATH201,B,76
christina.gardner@sjsu.edu,Christina,Gardner,CS480,C,58
ana.adams@sjsu.edu,Ana,Adams,CS350,A,100
layla.bryant@sjsu.edu,Layla,Bryant,CS350,A,89
serena.grant@sjsu.edu,Serena,Grant,ENG210,A,91
tina.wood@sjsu.edu,Tina,Wood,MATH101,B,80
casey.carter@sjsu.edu,Casey,Carter,SCI205,A,88
ayasha.patterson@sjsu.edu,Ayasha,Patterson,MATH201,B,70
oscar.hughes@sjsu.edu,Oscar,Hughes,CS201,A,94
fatima.long@sjsu.edu,Fatima,Long,BUS210,C,58
ella.medina@sjsu.edu,Ella,Medina,MATH250,B,80
todd.gordon@sjsu.edu,Todd,Gordon,CS410,C,56
robin.jordan@sjsu.edu,Robin,Jordan,SCI205,B,71
paula.anderson@sjsu.edu,Paula,Anderson,CS201,B,77
charles.flores@sjsu.edu,Charles,Flores,BUS401,B,84
leon.cole@sjsu.edu,Leon,Cole,BUS320,C,55
brian.ramirez@sjsu.edu,Brian,Ramirez,CS350,B,81
stephanie.mendez@sjsu.edu,Stephanie,Mendez,CS101,C,65
valeria.alvarez@sjsu.edu,Valeria,Alvarez,MATH250,C,66
eva.chen@sjsu.edu,Eva,Chen,CS450,D,54
ryan.freeman@sjsu.edu,Ryan,Freeman,CS350,D,52
monica.gray@sjsu.edu,Monica,Gray,MATH250,D,47
samuel.watson@sjsu.edu,Samuel,Watson,ENG101,B,80
juliana.bailey@sjsu.edu,Juliana,Bailey,CS410,B,70
daniel.hunter@sjsu.edu,Daniel,Hunter,BUS401,B,73
kate.webb@sjsu.edu,Kate,Webb,BUS320,A,94
sydney.jones@sjsu.edu,Sydney,Jones,CS201,B,76
brooke.jackson@sjsu.edu,Brooke,Jackson,CS350,B,80
tyler.ryan@sjsu.edu,Tyler,Ryan,ENG101,C,58
cameron.matthews@sjsu.edu,Cameron,Matthews,MATH250,B,76
holly.park@sjsu.edu,Holly,Park,CS301,B,72
alicia.kennedy@sjsu.edu,Alicia,Kennedy,ENG101,C,58
elizabeth.rivera@sjsu.edu,Elizabeth,Rivera,CS450,A,86
megan.cole@sjsu.edu,Megan,Cole,SCI101,C,59
shelby.stephens@sjsu.edu,Shelby,Stephens,PSY101,B,81
luna.stephens@sjsu.edu,Luna,Stephens,CS201,B,72
henry.morrison@sjsu.edu,Henry,Morrison,ENG101,B,71
angel.ferguson@sjsu.edu,Angel,Ferguson,BUS320,B,70
carmen.cook@sjsu.edu,Carmen,Cook,MATH201,C,67
amy.anderson@sjsu.edu,Amy,Anderson,CS410,A,98
robert.romero@sjsu.edu,Robert,Romero,CS101,B,78
andrea.meyer@sjsu.edu,Andrea,Meyer,CS201,C,55
molly.peterson@sjsu.edu,Molly,Peterson,MATH250,B,75
eva.morris@sjsu.edu,Eva,Morris,BUS401,B,84
miles.cox@sjsu.edu,Miles,Cox,CS201,B,76
colin.armstrong@sjsu.edu,Colin,Armstrong,MATH310,B,72
janet.kim@sjsu.edu,Janet,Kim,BUS320,A,88
logan.harris@sjsu.edu,Logan,Harris,CS350,B,79
james.thomas@sjsu.edu,James,Thomas,MATH250,C,67
hassan.snyder@sjsu.edu,Hassan,Snyder,ENG210,B,83
gavin.ortiz@sjsu.edu,Gavin,Ortiz,CS301,D,47
jeremy.jackson@sjsu.edu,Jeremy,Jackson,SCI101,B,76
maria.lopez@sjsu.edu,Maria,Lopez,CS410,B,77
eric.cole@sjsu.edu,Eric,Cole,ENG101,D,47
patrick.williams@sjsu.edu,Patrick,Williams,BUS101,B,70
jack.nguyen@sjsu.edu,Jack,Nguyen,MATH250,B,82
holly.ward@sjsu.edu,Holly,Ward,CS480,C,66
shelby.davis@sjsu.edu,Shelby,Davis,BUS320,B,74
jake.mckinney@sjsu.edu,Jake,McKinney,ENG210,B,82
lauren.ross@sjsu.edu,Lauren,Ross,MATH101,A,95
fiona.freeman@sjsu.edu,Fiona,Freeman,SCI205,B,82
vincent.ramirez@sjsu.edu,Vincent,Ramirez,ENG210,C,62
stephanie.morris@sjsu.edu,Stephanie,Morris,CS480,C,66
daniel.aguilar@sjsu.edu,Daniel,Aguilar,SCI205,D,45
linda.stephens@sjsu.edu,Linda,Stephens,MATH201,D,46
teresa.owens@sjsu.edu,Teresa,Owens,CS410,C,61
javier.bell@sjsu.edu,Javier,Bell,MATH250,C,60
sara.williams@sjsu.edu,Sara,Williams,CS480,C,64
blake.reid@sjsu.edu,Blake,Reid,MATH201,D,52
susan.warren@sjsu.edu,Susan,Warren,CS101,C,64
amy.henderson@sjsu.edu,Amy,Henderson,CS301,A,91
ava.sullivan@sjsu.edu,Ava,Sullivan,BUS401,D,52
diana.wilson@sjsu.edu,Diana,Wilson,PSY101,C,65
alisha.meyer@sjsu.edu,Alisha,Meyer,CS450,B,79
adam.shaw@sjsu.edu,Adam,Shaw,MATH201,A,91
sofia.gutierrez@sjsu.edu,Sofia,Gutierrez,MATH310,C,62
maria.smith@sjsu.edu,Maria,Smith,CS101,B,76
sydney.gardner@sjsu.edu,Sydney,Gardner,CS101,A,99
paula.mckinney@sjsu.edu,Paula,McKinney,CS101,C,60
laura.peterson@sjsu.edu,Laura,Peterson,CS480,D,54
greg.long@sjsu.edu,Greg,Long,ENG101,A,91
brian.price@sjsu.edu,Brian,Price,SCI101,C,66
christina.ellis@sjsu.edu,Christina,Ellis,MATH201,A,92
maya.wright@sjsu.edu,Maya,Wright,BUS401,D,51
mary.arnold@sjsu.edu,Mary,Arnold,BUS401,B,78
linda.turner@sjsu.edu,Linda,Turner,CS101,C,60
paul.lopez@sjsu.edu,Paul,Lopez,CS450,C,56
grace.harris@sjsu.edu,Grace,Harris,MATH101,C,58
andre.reed@sjsu.edu,Andre,Reed,PSY101,B,71
jayden.patel@sjsu.edu,Jayden,Patel,CS301,B,70
justin.jenkins@sjsu.edu,Justin,Jenkins,CS201,B,74
michelle.vasquez@sjsu.edu,Michelle,Vasquez,PSY101,D,51
katherine.butler@sjsu.edu,Katherine,Butler,BUS401,B,79
ava.patel@sjsu.edu,Ava,Patel,CS480,A,89
tyler.torres@sjsu.edu,Tyler,Torres,MATH101,C,55
nicholas.graham@sjsu.edu,Nicholas,Graham,SCI205,A,89
mary.rodriguez@sjsu.edu,Mary,Rodriguez,CS101,B,80
jose.mills@sjsu.edu,Jose,Mills,BUS101,C,58
denise.moore@sjsu.edu,Denise,Moore,MATH310,A,95
luis.aguilar@sjsu.edu,Luis,Aguilar,CS201,B,84
garrett.hall@sjsu.edu,Garrett,Hall,ENG101,B,83
james.evans@sjsu.edu,James,Evans,CS101,D,45
maria.zimmerman@sjsu.edu,Maria,Zimmerman,BUS101,D,45
elena.peterson@sjsu.edu,Elena,Peterson,MATH310,A,92
blake.castro@sjsu.edu,Blake,Castro,CS410,C,67
isaac.harris@sjsu.edu,Isaac,Harris,BUS101,B,78
felix.jackson@sjsu.edu,Felix,Jackson,CS480,B,81
jake.sanders@sjsu.edu,Jake,Sanders,SCI205,C,63
jason.bishop@sjsu.edu,Jason,Bishop,ENG210,A,100
jose.berg@sjsu.edu,Jose,Berg,BUS210,B,80
ryan.miller@sjsu.edu,Ryan,Miller,BUS101,B,77
nathan.young@sjsu.edu,Nathan,Young,MATH101,A,99
diego.rogers@sjsu.edu,Diego,Rogers,CS450,A,96
julian.palmer@sjsu.edu,Julian,Palmer,BUS101,C,55
james.mitchell@sjsu.edu,James,Mitchell,BUS101,A,95
jacob.palmer@sjsu.edu,Jacob,Palmer,CS301,C,56
dominic.watson@sjsu.edu,Dominic,Watson,BUS101,D,48
katherine.perry@sjsu.edu,Katherine,Perry,PSY101,A,93
jason.chavez@sjsu.edu,Jason,Chavez,CS101,B,78
shannon.powell@sjsu.edu,Shannon,Powell,ENG210,B,78
dillon.bailey@sjsu.edu,Dillon,Bailey,BUS320,C,62
brenda.gordon@sjsu.edu,Brenda,Gordon,CS101,B,80
carmen.jackson@sjsu.edu,Carmen,Jackson,MATH250,C,55
cynthia.bennett@sjsu.edu,Cynthia,Bennett,CS480,A,87
morgan.cox@sjsu.edu,Morgan,Cox,BUS401,B,74
sean.zimmerman@sjsu.edu,Sean,Zimmerman,ENG101,D,48
courtney.vasquez@sjsu.edu,Courtney,Vasquez,CS301,B,75
monica.little@sjsu.edu,Monica,Little,CS350,C,61
nicole.scott@sjsu.edu,Nicole,Scott,BUS320,A,100
miguel.castro@sjsu.edu,Miguel,Castro,CS480,D,47
leslie.patterson@sjsu.edu,Leslie,Patterson,ENG101,B,79
logan.martinez@sjsu.edu,Logan,Martinez,PSY101,A,90
luke.davis@sjsu.edu,Luke,Davis,CS450,B,71
hunter.anderson@sjsu.edu,Hunter,Anderson,CS480,A,98
greg.robinson@sjsu.edu,Greg,Robinson,BUS401,C,58
monica.james@sjsu.edu,Monica,James,MATH310,B,83
nora.brooks@sjsu.edu,Nora,Brooks,MATH310,B,77
michael.green@sjsu.edu,Michael,Green,CS410,B,74
faith.anderson@sjsu.edu,Faith,Anderson,CS350,B,76
alicia.anderson@sjsu.edu,Alicia,Anderson,CS450,C,55
david.phillips@sjsu.edu,David,Phillips,MATH250,B,79
ashley.reed@sjsu.edu,Ashley,Reed,CS480,D,51
denise.collins@sjsu.edu,Denise,Collins,CS450,B,70
lisa.martinez@sjsu.edu,Lisa,Martinez,CS480,A,97
vincent.berg@sjsu.edu,Vincent,Berg,CS450,D,50
steven.stevens@sjsu.edu,Steven,Stevens,PSY101,C,56
fatima.ortega@sjsu.edu,Fatima,Ortega,SCI205,C,56
thomas.walsh@sjsu.edu,Thomas,Walsh,ENG101,D,45
christopher.dixon@sjsu.edu,Christopher,Dixon,CS101,B,84
colin.lopez@sjsu.edu,Colin,Lopez,CS410,C,59
nicole.mendez@sjsu.edu,Nicole,Mendez,BUS401,B,75
kyle.white@sjsu.edu,Kyle,White,CS101,C,66
kristen.young@sjsu.edu,Kristen,Young,MATH101,B,76
jeff.robinson@sjsu.edu,Jeff,Robinson,CS301,A,86
linda.baker@sjsu.edu,Linda,Baker,ENG210,D,52
noah.gibson@sjsu.edu,Noah,Gibson,MATH101,C,64
logan.johnson@sjsu.edu,Logan,Johnson,BUS210,C,62
kayla.ward@sjsu.edu,Kayla,Ward,CS301,B,84
anthony.cruz@sjsu.edu,Anthony,Cruz,MATH250,B,76
hunter.gibson@sjsu.edu,Hunter,Gibson,CS410,A,85
sean.clark@sjsu.edu,Sean,Clark,BUS210,B,80
kim.freeman@sjsu.edu,Kim,Freeman,CS450,C,61
valeria.chen@sjsu.edu,Valeria,Chen,BUS320,B,73
ava.singh@sjsu.edu,Ava,Singh,BUS401,A,89
fiona.johnson@sjsu.edu,Fiona,Johnson,CS301,B,84
sharon.ross@sjsu.edu,Sharon,Ross,CS450,A,93
isabella.mills@sjsu.edu,Isabella,Mills,SCI205,B,75
michelle.thomas@sjsu.edu,Michelle,Thomas,ENG101,D,46
zachary.evans@sjsu.edu,Zachary,Evans,CS450,B,73
connor.reyes@sjsu.edu,Connor,Reyes,CS480,D,47
hannah.hawkins@sjsu.edu,Hannah,Hawkins,CS301,C,61
aiden.perez@sjsu.edu,Aiden,Perez,ENG101,B,71
timothy.vargas@sjsu.edu,Timothy,Vargas,CS480,B,70
mark.adams@sjsu.edu,Mark,Adams,BUS101,B,75
adam.burns@sjsu.edu,Adam,Burns,MATH310,A,85
ivan.gomez@sjsu.edu,Ivan,Gomez,MATH201,A,92
amir.chavez@sjsu.edu,Amir,Chavez,CS101,A,95
morgan.taylor@sjsu.edu,Morgan,Taylor,ENG101,B,79
mromero@sjsu.edu,Marcus,Romero,PSY101,C,57
mario.phillips@sjsu.edu,Mario,Phillips,BUS401,C,62
richard.jordan@sjsu.edu,Richard,Jordan,CS301,C,66
teresa.kim@sjsu.edu,Teresa,Kim,ENG101,A,88
diego.bennett@sjsu.edu,Diego,Bennett,BUS210,A,97
heather.morris@sjsu.edu,Heather,Morris,CS301,C,60
nadia.harrison@sjsu.edu,Nadia,Harrison,BUS210,B,70
ashley.crawford@sjsu.edu,Ashley,Crawford,MATH310,B,82
nathan.sanchez@sjsu.edu,Nathan,Sanchez,CS410,A,94
laura.diaz@sjsu.edu,Laura,Diaz,CS201,B,74
henry.perez@sjsu.edu,Henry,Perez,MATH250,B,76
ashley.patterson@sjsu.edu,Ashley,Patterson,ENG101,B,74
leslie.green@sjsu.edu,Leslie,Green,BUS101,B,76
ian.vargas@sjsu.edu,Ian,Vargas,CS410,C,67
sarah.andrews@sjsu.edu,Sarah,Andrews,ENG101,C,57
isaac.zimmerman@sjsu.edu,Isaac,Zimmerman,BUS210,A,98
julian.rogers@sjsu.edu,Julian,Rogers,CS350,A,95
hayley.singh@sjsu.edu,Hayley,Singh,MATH101,C,59
samuel.mills@sjsu.edu,Samuel,Mills,BUS401,C,56
garrett.jenkins@sjsu.edu,Garrett,Jenkins,SCI205,B,79
kim.harrison@sjsu.edu,Kim,Harrison,BUS320,C,57
chris.mendoza@sjsu.edu,Chris,Mendoza,BUS210,B,78
riley.andrews@sjsu.edu,Riley,Andrews,CS350,C,64
alicia.allen@sjsu.edu,Alicia,Allen,CS410,B,80
sophia.nguyen@sjsu.edu,Sophia,Nguyen,ENG210,C,63
mark.burns@sjsu.edu,Mark,Burns,MATH250,B,77
noah.hunt@sjsu.edu,Noah,Hunt,CS201,C,58
chelsea.bell@sjsu.edu,Chelsea,Bell,BUS101,C,66
timothy.young@sjsu.edu,Timothy,Young,CS450,B,71
angela.lewis@sjsu.edu,Angela,Lewis,CS480,B,79
felix.west@sjsu.edu,Felix,West,CS101,A,92
oscar.stone@sjsu.edu,Oscar,Stone,MATH310,B,75
dylan.long@sjsu.edu,Dylan,Long,BUS210,A,92
erica.mitchell@sjsu.edu,Erica,Mitchell,ENG101,D,50
ivan.turner@sjsu.edu,Ivan,Turner,CS450,C,67
riley.ortiz@sjsu.edu,Riley,Ortiz,SCI205,C,55
scott.lane@sjsu.edu,Scott,Lane,BUS101,B,73
nathaniel.boyd@sjsu.edu,Nathaniel,Boyd,ENG210,C,61
emily.castro@sjsu.edu,Emily,Castro,CS301,B,71
teresa.arnold@sjsu.edu,Teresa,Arnold,SCI101,A,85
cynthia.davis@sjsu.edu,Cynthia,Davis,CS101,B,84
victor.mason@sjsu.edu,Victor,Mason,BUS401,A,92
adam.ortega@sjsu.edu,Adam,Ortega,BUS320,B,72
noah.perry@sjsu.edu,Noah,Perry,MATH250,B,74
rachel.rodriguez@sjsu.edu,Rachel,Rodriguez,CS201,A,100
luna.ramirez@sjsu.edu,Luna,Ramirez,BUS101,C,60
diego.collins@sjsu.edu,Diego,Collins,CS480,D,53
shannon.ramirez@sjsu.edu,Shannon,Ramirez,MATH101,B,75
cameron.vasquez@sjsu.edu,Cameron,Vasquez,BUS401,B,77
dylan.ortiz@sjsu.edu,Dylan,Ortiz,CS350,C,55
vincent.kumar@sjsu.edu,Vincent,Kumar,ENG101,A,93
victoria.matthews@sjsu.edu,Victoria,Matthews,BUS210,B,84
chelsea.edwards@sjsu.edu,Chelsea,Edwards,BUS101,B,82
andrea.webb@sjsu.edu,Andrea,Webb,ENG101,C,62
sara.patel@sjsu.edu,Sara,Patel,MATH201,B,83
janet.reyes@sjsu.edu,Janet,Reyes,PSY101,C,68
kevin.snyder@sjsu.edu,Kevin,Snyder,MATH201,A,89
aria.sutton@sjsu.edu,Aria,Sutton,BUS320,B,81
christine.perry@sjsu.edu,Christine,Perry,BUS320,B,74
megan.garcia@sjsu.edu,Megan,Garcia,MATH310,A,90
arjun.fox@sjsu.edu,Arjun,Fox,MATH201,A,88
isabel.chen@sjsu.edu,Isabel,Chen,CS350,D,45
liam.rivera@sjsu.edu,Liam,Rivera,MATH201,C,61
nadia.morrison@sjsu.edu,Nadia,Morrison,CS480,C,62
serena.martin@sjsu.edu,Serena,Martin,CS480,B,72
abby.ward@sjsu.edu,Abby,Ward,BUS101,A,99
eric.bradley@sjsu.edu,Eric,Bradley,PSY101,C,57
kyle.mendez@sjsu.edu,Kyle,Mendez,SCI101,A,87
taylor.hayes@sjsu.edu,Taylor,Hayes,PSY101,C,57
jayden.parker@sjsu.edu,Jayden,Parker,BUS401,B,81
bianca.sullivan@sjsu.edu,Bianca,Sullivan,CS350,C,55
julia.lawrence@sjsu.edu,Julia,Lawrence,MATH201,A,86
isaac.reynolds@sjsu.edu,Isaac,Reynolds,BUS101,C,66
melissa.fisher@sjsu.edu,Melissa,Fisher,CS201,B,70
sierra.black@sjsu.edu,Sierra,Black,SCI205,C,66
luis.harrison@sjsu.edu,Luis,Harrison,MATH310,C,64
diana.barnes@sjsu.edu,Diana,Barnes,ENG101,D,47
nora.flores@sjsu.edu,Nora,Flores,MATH250,D,47
jessica.hunt@sjsu.edu,Jessica,Hunt,BUS320,C,69
hannah.mccarthy@sjsu.edu,Hannah,McCarthy,BUS210,D,45
natalie.sullivan@sjsu.edu,Natalie,Sullivan,CS101,B,70
monica.crawford@sjsu.edu,Monica,Crawford,BUS401,A,94
paul.hawkins@sjsu.edu,Paul,Hawkins,CS350,D,45
brian.webb@sjsu.edu,Brian,Webb,MATH101,D,51
ashley.parker@sjsu.edu,Ashley,Parker,ENG101,C,56
olivia.miller@sjsu.edu,Olivia,Miller,BUS101,A,87
elena.davis@sjsu.edu,Elena,Davis,CS450,B,72
joseph.barnes@sjsu.edu,Joseph,Barnes,MATH201,A,87
lily.spencer@sjsu.edu,Lily,Spencer,ENG101,A,88
joel.flores@sjsu.edu,Joel,Flores,CS450,B,75
isaiah.hunt@sjsu.edu,Isaiah,Hunt,MATH101,C,63
isaiah.black@sjsu.edu,Isaiah,Black,SCI205,B,78
kelly.morales@sjsu.edu,Kelly,Morales,CS101,C,62
omar.bradley@sjsu.edu,Omar,Bradley,BUS401,C,68
brianna.brown@sjsu.edu,Brianna,Brown,CS350,A,89
lisa.crawford@sjsu.edu,Lisa,Crawford,CS301,B,79
catherine.kelly@sjsu.edu,Catherine,Kelly,CS301,D,51
matthew.freeman@sjsu.edu,Matthew,Freeman,BUS320,B,77
nadia.price@sjsu.edu,Nadia,Price,CS450,B,70
linda.ortiz@sjsu.edu,Linda,Ortiz,BUS320,A,93
kayla.morales@sjsu.edu,Kayla,Morales,BUS210,C,66
brooke.shaw@sjsu.edu,Brooke,Shaw,CS450,D,50
laura.armstrong@sjsu.edu,Laura,Armstrong,PSY101,B,75
grant.cole@sjsu.edu,Grant,Cole,CS480,B,82
brandon.cox@sjsu.edu,Brandon,Cox,CS301,A,86
karen.kennedy@sjsu.edu,Karen,Kennedy,CS101,A,94
rachel.carter@sjsu.edu,Rachel,Carter,MATH310,B,81
gavin.warren@sjsu.edu,Gavin,Warren,SCI205,A,86
jake.snyder@sjsu.edu,Jake,Snyder,CS480,A,89
joel.cook@sjsu.edu,Joel,Cook,PSY101,A,98
harley.sanders@sjsu.edu,Harley,Sanders,SCI205,B,77
cole.martin@sjsu.edu,Cole,Martin,CS350,B,72
rachel.park@sjsu.edu,Rachel,Park,CS301,D,52
gary.medina@sjsu.edu,Gary,Medina,ENG101,D,49
william.coleman@sjsu.edu,William,Coleman,PSY101,A,96
christopher.stanley@sjsu.edu,Christopher,Stanley,CS201,B,73
fiona.armstrong@sjsu.edu,Fiona,Armstrong,SCI205,C,56
jonathan.fisher@sjsu.edu,Jonathan,Fisher,SCI101,A,99
amir.berg@sjsu.edu,Amir,Berg,BUS210,C,60
ava.palmer@sjsu.edu,Ava,Palmer,CS201,B,77
philip.stanley@sjsu.edu,Philip,Stanley,BUS101,B,77
kaitlyn.parker@sjsu.edu,Kaitlyn,Parker,CS450,D,46
ali.burns@sjsu.edu,Ali,Burns,CS480,B,74
molly.young@sjsu.edu,Molly,Young,CS480,C,61
lisa.rivera@sjsu.edu,Lisa,Rivera,BUS210,A,91
morgan.gutierrez@sjsu.edu,Morgan,Gutierrez,CS410,B,75
amy.alvarez@sjsu.edu,Amy,Alvarez,BUS401,B,79
david.white@sjsu.edu,David,White,BUS210,C,58
sebastian.hayes@sjsu.edu,Sebastian,Hayes,ENG210,A,88
kyle.nichols@sjsu.edu,Kyle,Nichols,BUS320,B,82
nathan.smith@sjsu.edu,Nathan,Smith,SCI101,B,78
caroline.chavez@sjsu.edu,Caroline,Chavez,CS350,D,45
echen@sjsu.edu,Eva,Chen,ENG210,B,70
connor.sanchez@sjsu.edu,Connor,Sanchez,CS480,A,88
kelly.martinez@sjsu.edu,Kelly,Martinez,ENG210,C,69
jeremy.price@sjsu.edu,Jeremy,Price,CS101,D,50
jason.white@sjsu.edu,Jason,White,SCI101,A,91
mike.gonzalez@sjsu.edu,Mike,Gonzalez,CS450,B,75
madison.campbell@sjsu.edu,Madison,Campbell,CS350,B,82
aiden.mason@sjsu.edu,Aiden,Mason,CS301,D,45
serena.morgan@sjsu.edu,Serena,Morgan,BUS210,D,47
matthew.wells@sjsu.edu,Matthew,Wells,SCI101,A,97
rebecca.kumar@sjsu.edu,Rebecca,Kumar,CS350,C,69
luke.graham@sjsu.edu,Luke,Graham,CS301,D,50
sean.hamilton@sjsu.edu,Sean,Hamilton,ENG101,A,87
anna.robinson@sjsu.edu,Anna,Robinson,MATH250,D,47
eric.dixon@sjsu.edu,Eric,Dixon,PSY101,B,72
rosa.roberts@sjsu.edu,Rosa,Roberts,CS101,B,82
gabriel.cox@sjsu.edu,Gabriel,Cox,CS410,C,66
greg.morgan@sjsu.edu,Greg,Morgan,SCI101,B,77
teresa.king@sjsu.edu,Teresa,King,CS480,B,84
hunter.porter@sjsu.edu,Hunter,Porter,CS480,A,100
denise.ross@sjsu.edu,Denise,Ross,CS350,B,76
dean.martin@sjsu.edu,Dean,Martin,ENG210,C,61
jason.porter@sjsu.edu,Jason,Porter,BUS320,B,75
arjun.cunningham@sjsu.edu,Arjun,Cunningham,CS350,D,45
william.butler@sjsu.edu,William,Butler,CS301,C,64
chris.pierce@sjsu.edu,Chris,Pierce,BUS320,B,76
samuel.hernandez@sjsu.edu,Samuel,Hernandez,CS201,A,98
isaiah.burns@sjsu.edu,Isaiah,Burns,BUS210,C,55
sarah.james@sjsu.edu,Sarah,James,BUS210,D,53
jamie.hall@sjsu.edu,Jamie,Hall,BUS320,B,74
alisha.perry@sjsu.edu,Alisha,Perry,PSY101,D,49
william.owens@sjsu.edu,William,Owens,MATH101,D,45
janet.shaw@sjsu.edu,Janet,Shaw,CS480,B,82
jacob.phillips@sjsu.edu,Jacob,Phillips,MATH250,D,50
gregory.holmes@sjsu.edu,Gregory,Holmes,CS410,C,57
patrick.aguilar@sjsu.edu,Patrick,Aguilar,ENG101,B,74
layla.mason@sjsu.edu,Layla,Mason,BUS101,B,83
angela.hall@sjsu.edu,Angela,Hall,CS101,B,77
ian.bryant@sjsu.edu,Ian,Bryant,ENG210,B,75
trevor.stanley@sjsu.edu,Trevor,Stanley,BUS101,C,62
ricardo.gonzalez@sjsu.edu,Ricardo,Gonzalez,CS450,B,83
sofia.mckinney@sjsu.edu,Sofia,McKinney,CS101,A,90
gary.bradley@sjsu.edu,Gary,Bradley,CS350,A,87
kayla.mendoza@sjsu.edu,Kayla,Mendoza,MATH310,D,49
caroline.davis@sjsu.edu,Caroline,Davis,CS480,B,79
gabriela.mccarthy@sjsu.edu,Gabriela,McCarthy,CS350,C,55
joel.arnold@sjsu.edu,Joel,Arnold,MATH101,A,97
tiffany.mcdonald@sjsu.edu,Tiffany,McDonald,CS450,B,75
jamie.hawkins@sjsu.edu,Jamie,Hawkins,MATH101,C,65
dominic.hughes@sjsu.edu,Dominic,Hughes,ENG101,B,70
madison.jenkins@sjsu.edu,Madison,Jenkins,SCI205,D,48
jayden.kaur@sjsu.edu,Jayden,Kaur,ENG210,B,82
julian.bradley@sjsu.edu,Julian,Bradley,BUS101,A,93
jennifer.fisher@sjsu.edu,Jennifer,Fisher,MATH310,A,100
miranda.garcia@sjsu.edu,Miranda,Garcia,CS410,C,55
paula.ward@sjsu.edu,Paula,Ward,CS350,A,99
holly.warren@sjsu.edu,Holly,Warren,BUS320,A,93
catherine.james@sjsu.edu,Catherine,James,CS350,B,77
angel.fox@sjsu.edu,Angel,Fox,BUS401,B,78
gregory.burns@sjsu.edu,Gregory,Burns,CS101,B,73
heather.ahmed@sjsu.edu,Heather,Ahmed,BUS101,B,70
leo.richardson@sjsu.edu,Leo,Richardson,MATH201,C,66
kyle.smith@sjsu.edu,Kyle,Smith,ENG101,A,92
kaitlyn.ross@sjsu.edu,Kaitlyn,Ross,MATH250,C,61
kim.snyder@sjsu.edu,Kim,Snyder,CS480,C,56
miles.patterson@sjsu.edu,Miles,Patterson,CS410,B,81
jessica.kaur@sjsu.edu,Jessica,Kaur,BUS320,B,84
hassan.sanchez@sjsu.edu,Hassan,Sanchez,SCI205,B,72
abby.vargas@sjsu.edu,Abby,Vargas,BUS401,A,99
isaac.hill@sjsu.edu,Isaac,Hill,CS350,A,100
miranda.brooks@sjsu.edu,Miranda,Brooks,ENG210,C,66
elijah.smith@sjsu.edu,Elijah,Smith,ENG101,B,73
colin.foster@sjsu.edu,Colin,Foster,CS350,C,56
julia.jimenez@sjsu.edu,Julia,Jimenez,MATH250,B,72
garrett.clark@sjsu.edu,Garrett,Clark,CS410,B,72
victoria.murphy@sjsu.edu,Victoria,Murphy,ENG101,C,65
brian.collins@sjsu.edu,Brian,Collins,BUS401,B,76
scott.ward@sjsu.edu,Scott,Ward,SCI205,C,65
arjun.bryant@sjsu.edu,Arjun,Bryant,MATH201,D,47
eva.stone@sjsu.edu,Eva,Stone,CS410,C,66
lily.ross@sjsu.edu,Lily,Ross,CS301,A,100
dominic.castro@sjsu.edu,Dominic,Castro,MATH310,B,79
hailey.reynolds@sjsu.edu,Hailey,Reynolds,CS350,B,77
ryan.reyes@sjsu.edu,Ryan,Reyes,BUS320,A,86
sebastian.kumar@sjsu.edu,Sebastian,Kumar,PSY101,B,70
klewis@sjsu.edu,Kate,Lewis,SCI101,C,59
patrick.russell@sjsu.edu,Patrick,Russell,ENG210,A,91
patrick.griffin@sjsu.edu,Patrick,Griffin,BUS101,B,79
zoe.castillo@sjsu.edu,Zoe,Castillo,CS480,B,77
aaron.thompson@sjsu.edu,Aaron,Thompson,BUS401,B,76
christina.graham@sjsu.edu,Christina,Graham,ENG101,C,64
hannah.webb@sjsu.edu,Hannah,Webb,BUS101,D,47
hunter.lawrence@sjsu.edu,Hunter,Lawrence,PSY101,D,46
angela.fox@sjsu.edu,Angela,Fox,MATH201,C,69
emily.torres@sjsu.edu,Emily,Torres,ENG101,D,54
layla.price@sjsu.edu,Layla,Price,ENG101,A,93
carmen.powell@sjsu.edu,Carmen,Powell,BUS320,B,82
claire.west@sjsu.edu,Claire,West,SCI101,B,76
amir.edwards@sjsu.edu,Amir,Edwards,BUS401,C,64
henry.boyd@sjsu.edu,Henry,Boyd,MATH101,D,45
gregory.sutton@sjsu.edu,Gregory,Sutton,CS201,D,47
adam.gutierrez@sjsu.edu,Adam,Gutierrez,MATH101,A,89
denise.maxwell@sjsu.edu,Denise,Maxwell,SCI101,C,66
thomas.patterson@sjsu.edu,Thomas,Patterson,ENG210,A,95
holly.morrison@sjsu.edu,Holly,Morrison,CS301,C,57
sierra.allen@sjsu.edu,Sierra,Allen,CS410,D,48
javier.hughes@sjsu.edu,Javier,Hughes,MATH201,B,74
wesley.harris@sjsu.edu,Wesley,Harris,BUS210,C,55
lisa.kumar@sjsu.edu,Lisa,Kumar,CS201,B,75
kaitlyn.reid@sjsu.edu,Kaitlyn,Reid,PSY101,B,76
caroline.holmes@sjsu.edu,Caroline,Holmes,SCI205,B,82
todd.phillips@sjsu.edu,Todd,Phillips,CS101,C,65
violet.garcia@sjsu.edu,Violet,Garcia,BUS210,D,49
christine.gordon@sjsu.edu,Christine,Gordon,SCI205,B,83
fatima.griffin@sjsu.edu,Fatima,Griffin,BUS401,D,50
reina.armstrong@sjsu.edu,Reina,Armstrong,PSY101,B,71
jordan.mason@sjsu.edu,Jordan,Mason,MATH101,B,72
spencer.barnes@sjsu.edu,Spencer,Barnes,BUS401,B,70
miguel.turner@sjsu.edu,Miguel,Turner,SCI101,B,79
robin.castillo@sjsu.edu,Robin,Castillo,ENG210,D,48
ricardo.martin@sjsu.edu,Ricardo,Martin,CS101,C,67
sofia.singh@sjsu.edu,Sofia,Singh,CS101,C,55
jessica.moore@sjsu.edu,Jessica,Moore,ENG210,B,81
melissa.butler@sjsu.edu,Melissa,Butler,BUS210,B,80
marcus.howard@sjsu.edu,Marcus,Howard,CS350,A,86
diana.reynolds@sjsu.edu,Diana,Reynolds,CS480,A,94
faith.cruz@sjsu.edu,Faith,Cruz,CS350,B,77
evelyn.nelson@sjsu.edu,Evelyn,Nelson,ENG101,B,77
kristen.howard@sjsu.edu,Kristen,Howard,SCI205,B,79
thomas.morgan@sjsu.edu,Thomas,Morgan,BUS320,B,72
angel.stanley@sjsu.edu,Angel,Stanley,CS350,B,82
luna.mckinney@sjsu.edu,Luna,McKinney,CS450,A,89
sharon.berg@sjsu.edu,Sharon,Berg,MATH101,B,71
cole.black@sjsu.edu,Cole,Black,CS301,B,75
tyler.henderson@sjsu.edu,Tyler,Henderson,CS450,B,79
luke.coleman@sjsu.edu,Luke,Coleman,BUS210,C,57
nathaniel.shaw@sjsu.edu,Nathaniel,Shaw,CS201,B,84
erica.morrison@sjsu.edu,Erica,Morrison,CS410,D,48
erica.hamilton@sjsu.edu,Erica,Hamilton,MATH250,C,59
miguel.west@sjsu.edu,Miguel,West,PSY101,B,84
david.moore@sjsu.edu,David,Moore,PSY101,A,91
vanessa.ahmed@sjsu.edu,Vanessa,Ahmed,BUS320,B,78
ella.reid@sjsu.edu,Ella,Reid,ENG101,C,68
ella.russell@sjsu.edu,Ella,Russell,MATH310,C,60
ava.lopez@sjsu.edu,Ava,Lopez,CS350,A,95
daniela.gibson@sjsu.edu,Daniela,Gibson,CS480,C,57
riley.ryan@sjsu.edu,Riley,Ryan,ENG210,A,91
emily.holmes@sjsu.edu,Emily,Holmes,CS201,B,74
serena.campbell@sjsu.edu,Serena,Campbell,CS450,A,92
jose.lane@sjsu.edu,Jose,Lane,ENG101,C,58
austin.morales@sjsu.edu,Austin,Morales,CS350,C,60
matt.griffin@sjsu.edu,Matt,Griffin,BUS320,B,70
brenda.barnes@sjsu.edu,Brenda,Barnes,MATH310,C,60
vincent.wood@sjsu.edu,Vincent,Wood,MATH201,B,73
derek.reid@sjsu.edu,Derek,Reid,CS450,B,82
jasmine.king@sjsu.edu,Jasmine,King,BUS210,D,50
daniela.howard@sjsu.edu,Daniela,Howard,CS480,A,97
ana.wilson@sjsu.edu,Ana,Wilson,SCI101,B,70
daisy.martinez@sjsu.edu,Daisy,Martinez,CS201,C,59
claudia.nichols@sjsu.edu,Claudia,Nichols,BUS210,C,66
leo.rodriguez@sjsu.edu,Leo,Rodriguez,CS101,B,78
claudia.cox@sjsu.edu,Claudia,Cox,MATH250,B,76
dawn.armstrong@sjsu.edu,Dawn,Armstrong,MATH201,A,100
lily.shaw@sjsu.edu,Lily,Shaw,MATH201,B,84
julia.richardson@sjsu.edu,Julia,Richardson,SCI101,B,77
tiffany.meyer@sjsu.edu,Tiffany,Meyer,SCI205,C,59
victoria.pierce@sjsu.edu,Victoria,Pierce,ENG101,B,71
kiara.knight@sjsu.edu,Kiara,Knight,ENG101,C,59
sandra.fox@sjsu.edu,Sandra,Fox,MATH201,B,82
aria.white@sjsu.edu,Aria,White,BUS401,B,78
felix.wood@sjsu.edu,Felix,Wood,CS101,C,66
javier.smith@sjsu.edu,Javier,Smith,ENG101,C,67
angel.thomas@sjsu.edu,Angel,Thomas,MATH250,C,59
faith.hughes@sjsu.edu,Faith,Hughes,MATH250,B,73
mark.baker@sjsu.edu,Mark,Baker,CS480,A,89
diego.andrews@sjsu.edu,Diego,Andrews,ENG101,D,45
jasmine.allen@sjsu.edu,Jasmine,Allen,CS350,D,52
mario.wright@sjsu.edu,Mario,Wright,CS101,A,93
noah.thompson@sjsu.edu,Noah,Thompson,SCI101,B,80
daisy.wells@sjsu.edu,Daisy,Wells,CS450,C,56
